Keyword,Search volume
lighting dubai shop,1300
lighting shops dubai,1300
lighting showrooms in dubai,1300
lighting store dubai,1300
lighting stores dubai,1300
light shops dubai,1000
lighting dubai,1000
lighting stores in dubai,1000
lights in dubai,1000
lights shops in dubai,1000
lightings,2900
led world sharjah,110
ledworld dubai,390
huda lighting uae,140
led world al quoz,140
ledworld,1300
huda lighting umm suqeim street dubai,320
ledworld llc,2900
lighting ceiling,260
pendant lights dubai,320
ceiling lights,6600
ceiling lamp,1000
ceiling led lights dubai,90
best lighting stores in dubai,110
huda lighting dubai,140
led ceiling lights dubai,170
led light dubai,260
led light manufacturers in uae,260
led light supplier in dubai,260
led light supplier in uae,260
led light suppliers in dubai,260
led light suppliers in uae,260
led lighting suppliers in dubai,260
led lights manufacturers in uae,260
led lights supplier in dubai,260
led lights supplier in uae,260
led lights suppliers in dubai,260
led lights suppliers in uae,260
led manufacturers in uae,260
led suppliers in uae,260
dubai led lights,320
led lighting dubai,320
led lights dubai,320
led lights in dubai,320
led lights in uae,320
ceiling lamp dubai,480
ceiling lights dubai,480
led world llc abu dhabi,480
ceiling lamps dubai,590
ceiling lights in dubai,590
dubai ceiling lights,590
led world dubai,590
led world llc dubai,590
dubai lighting,1000
led world llc sharjah,1000
light dubai,1000
lighting in dubai,1000
led world,1300
led world llc,2900
huda lighting,3600
lighting shops in dubai,1000
lights dubai,1000
lights shop in dubai,1000
dubai lighting store,1300
light shop dubai,1300
lighting dubai shop,1300
led world sharjah,110
ledworld dubai,390
led world al quoz,140
ledworld,1300
ledworld llc,2900
led light manufacturers in uae,260
led light supplier in dubai,260
led light supplier in uae,260
led light suppliers in dubai,260
led light suppliers in uae,260
led lighting suppliers in dubai,260
led lights supplier in dubai,260
led lights suppliers in dubai,260
led manufacturers in uae,260
led suppliers in dubai,260
led suppliers in uae,260
led world llc abu dhabi,480
led world dubai,590
led world llc dubai,590
dubai lighting,1000
dubai lights,1000
led world llc sharjah,1000
light dubai,1000
lighting shop dubai,1000
lights dubai,1000
dubai lighting store,1300
led world,1300
light shop dubai,1300
lighting dubai shop,1300
lighting shops dubai,1300
lighting store dubai,1300
lighting stores dubai,1300
led world llc,2900
led ceiling lights in dubai,170
ceiling lights in dubai,590
led lights for ceiling,720
led ceiling light dubai,170
ceiling lights for living room,210
ceiling lights led,260
ceiling led lights,320
strip lights,1600
ceiling led lights dubai,90
led strip light dubai,140
led strip lights dubai,140
led strip lights in dubai,140
led ceiling lights dubai,170
led light strips dubai,170
led strip dubai,170
led lights manufacturers in uae,260
led lights supplier in uae,260
led lights suppliers in uae,260
ceiling lamp dubai,480
ceiling lights dubai,480
led strip,590
led light strips,880
led strip light,2900
led strip lights,2900
strip lights led,2900
led light uae,110
dubai led lights,320
led light dubai,260
led world llc sharjah,1000
light dubai,1000
lighting shop dubai,1000
lighting showroom in dubai,1000
lights shop in dubai,1000
dubai lighting store,1300
led world,1300
light shop dubai,1300
lighting dubai shop,1300
lighting shops dubai,1300
lighting store dubai,1300
lighting stores dubai,1300
led world llc,2900
huda lighting,3600
light shops dubai,1000
lighting stores in dubai,1000
lights in dubai,1000
lights shops in dubai,1000
lighting showrooms in dubai,1300
lightings,2900
lighting abu dhabi,170
huda lighting uae,140
huda lighting dubai,140
led light dubai,260
led light manufacturers in uae,260
led light supplier in dubai,260
led light supplier in uae,260
led light suppliers in dubai,260
led light suppliers in uae,260
led lighting suppliers in dubai,260
led lights manufacturers in uae,260
led lights supplier in dubai,260
led lights supplier in uae,260
led lights suppliers in dubai,260
led lights suppliers in uae,260
led manufacturers in uae,260
led suppliers in uae,260
dubai led lights,320
huda lighting umm suqeim street dubai,320
led lighting dubai,320
led lights dubai,320
led lights in dubai,320
led lights in uae,320
ceiling lights dubai,480
huda lighting dubai,140
led light dubai,260
led light suppliers in dubai,260
led light suppliers in uae,260
led lighting suppliers in dubai,260
led lights supplier in dubai,260
led lights suppliers in dubai,260
dubai led lights,320
led lighting dubai,320
led lights dubai,320
led lights in dubai,320
led lights in uae,320
pendant lamp dubai,320
pendant lights dubai,320
ceiling lamp dubai,480
led world llc abu dhabi,480
led world dubai,590
led world llc dubai,590
led world llc sharjah,1000
light shops dubai,1000
lighting dubai,1000
lighting stores in dubai,1000
lights in dubai,1000
lights shops in dubai,1000
lighting showrooms in dubai,1300
lightings,2900
led world sharjah,110
ledworld dubai,390
huda lighting uae,140
led world al quoz,140
ledworld,1300
huda lighting umm suqeim street dubai,320
ledworld llc,2900
lighting companies in uae,140
led light manufacturers in uae,260
led light supplier in dubai,260
led light supplier in uae,260
led lights manufacturers in uae,260
led lights supplier in uae,260
led lights suppliers in uae,260
led manufacturers in uae,260
led suppliers in uae,260
lighting suppliers dubai,320
lighting suppliers in dubai,320
dubai lighting companies,390
light companies in dubai,390
light company in dubai,390
lighting companies dubai,390
lighting companies in dubai,390
dubai lighting company,480
light company dubai,480
lighting company in dubai,480
outdoor led light,260
outdoor led lamp,260
lighting outdoor,1600
lighting for garden,1300
light outdoor,1600
led suppliers in uae,260
led suppliers in dubai,260
led outdoor wall lighting,140
led outdoor lighting,320
led manufacturers in uae,260
led lighting outdoor,260
led light supplier in uae,260
led light supplier in dubai,260
led light manufacturers in uae,260
led garden lights,90
garden wall lights,140
garden solar lights dubai,70
garden lighting,1300
pendant lights,720
pendant lighting dubai,320
pendant light,2900
pendant lamp,590
lights shops in dubai,1000
lights shop in dubai,1000
lights in dubai,1000
lightings,2900
lighting stores in dubai,1000
lighting stores dubai,1300
lighting store dubai,1300
lighting showrooms in dubai,1300
lighting showroom in dubai,1000
lighting shops dubai,1300
lighting shop dubai,1000
lighting dubai shop,1300
lighting dubai,1000
light shops dubai,1000
ledworld llc,2900
ceiling lamps dubai,590
ceiling hanging light,320
led world sharjah,110
ledworld dubai,390
huda lighting uae,140
led world al quoz,140
ledworld,1300
hanging lights,1600
huda lighting umm suqeim street dubai,320
light dubai,1000
dubai lighting store,1300
led world,1300
light shop dubai,1300
led world llc,2900
huda lighting,3600
huda lighting,3600
lightings,2900
dubai lighting store,1300
light shop dubai,1300
lighting dubai shop,1300
lighting shops dubai,1300
lighting store dubai,1300
lighting stores dubai,1300
lighting showrooms in dubai,1300
light dubai,1000
lighting shop dubai,1000
lighting showroom in dubai,1000
lights shop in dubai,1000
light shops dubai,1000
lighting dubai,1000
lighting stores in dubai,1000
lights in dubai,1000
lights shops in dubai,1000
dubai led lights,320
led lighting dubai,320
led lights dubai,320
led lights in dubai,320
led lights in uae,320
huda lighting umm suqeim street dubai,320
led light dubai,260
led light manufacturers in uae,260
led light supplier in dubai,260
led light supplier in uae,260
led light suppliers in dubai,260
led light suppliers in uae,260
led lighting suppliers in dubai,260
led lights manufacturers in uae,260
led lights supplier in dubai,260
led lights supplier in uae,260
led lights suppliers in dubai,260
led lights suppliers in uae,260
led manufacturers in uae,260
led suppliers in uae,260
huda lighting dubai,140
huda lighting uae,140
light outdoor,1600
outdoor wall lamps,1600
outdoor lights wall,1600
outdoor wall lamp,1600
wall light outdoor,1600
outdoor wall light,1600
outdoor wall lighting,1600
wall lights outdoor,1600
lighting outdoor,1600
outdoor light,1600
outdoor lighting,1600
garden lighting,1300
lighting for garden,1300
outdoor lighting dubai,320
led outdoor lighting,320
led world llc,2900
ledworld llc,2900
led world,1300
ledworld,1300
led world llc sharjah,1000
led world dubai,590
led world llc dubai,590
led world llc abu dhabi,480
ledworld dubai,390
dubai led lights,320
led lighting dubai,320
led lights dubai,320
led lights in dubai,320
led lights in uae,320
led light dubai,260
led light suppliers in dubai,260
led light suppliers in uae,260
led lighting suppliers in dubai,260
led lights supplier in dubai,260
led lights suppliers in dubai,260
led world al quoz,140
led world sharjah,110
huda lighting,3600
lightings,2900
dubai lighting store,1300
light shop dubai,1300
lighting dubai shop,1300
lighting shops dubai,1300
lighting store dubai,1300
lighting stores dubai,1300
lighting showrooms in dubai,1300
light dubai,1000
lighting shop dubai,1000
lighting showroom in dubai,1000
lights shop in dubai,1000
light shops dubai,1000
lighting dubai,1000
lighting stores in dubai,1000
lights in dubai,1000
lights shops in dubai,1000
dubai lighting company,480
light company dubai,480
lighting company in dubai,480
dubai lighting companies,390
lighting companies dubai,390
lighting companies in dubai,390
lighting company dubai,390
light companies in dubai,390
light company in dubai,390
huda lighting umm suqeim street dubai,320
lighting supplier dubai,320
lighting suppliers dubai,320
lighting suppliers in dubai,320
lights supplier in dubai,320
nakashi lighting,210
lighting abu dhabi,170
huda lighting dubai,140
huda lighting uae,140
dubai lighting,1000
lights dubai,1000
light store,260
lights,12100
lighting,2900
lightings,2900
flos,2400
lighting outdoor,1600
lighting showrooms in dubai,1300
lights dubai,1000
light shops dubai,1000
lighting stores in dubai,1000
lights in dubai,1000
lights shops in dubai,1000
flo light,1000
lighting dubai,1000
lighting fixtures,720
flos lighting,590
flos lights,590
flos lighting company,590
huda lighting umm suqeim street dubai,320
modern lighting,320
lighting shop,260
ceiling lighting,6600
huda lighting,3600
dubai lighting store,1300
light shop dubai,1300
lighting dubai shop,1300
lighting shops dubai,1300
lighting store dubai,1300
lighting stores dubai,1300
light dubai,1000
lighting shop dubai,1000
lighting showroom in dubai,1000
lights shop in dubai,1000
dubai lighting company,480
lsi uae,720
light company dubai,480
lighting company in dubai,480
dubai lighting companies,390
lighting companies dubai,390
lighting companies in dubai,390
lighting company dubai,390
linden shipping international llc,390
lighting supplier dubai,320
lighting suppliers dubai,320
lighting suppliers in dubai,320
lights supplier in dubai,320
linden shipping international,210
luxury interior dubai,210
lsi,170
lighting abu dhabi,170
huda lighting dubai,140
huda lighting uae,140
led light manufacturers in uae,260
led light supplier in dubai,260
led light supplier in uae,260
led light suppliers in dubai,260
led light suppliers in uae,260
led lights manufacturers in uae,260
led lights supplier in dubai,260
led lights supplier in uae,260
led lights suppliers in uae,260
led manufacturers in uae,260
lights,12100
lighting,2900
lightings,2900
flos,2400
lighting outdoor,1600
lighting showrooms in dubai,1300
lights dubai,1000
light shops dubai,1000
lighting stores in dubai,1000
lights in dubai,1000
lights shops in dubai,1000
flo light,1000
lighting dubai,1000
lighting fixtures,720
flos lighting,590
flos lights,590
flos lighting company,590
huda lighting umm suqeim street dubai,320
modern lighting,320
lighting shop,260
ceiling lighting,6600
huda lighting,3600
dubai lighting store,1300
light shop dubai,1300
lighting dubai shop,1300
lighting shops dubai,1300
lighting store dubai,1300
lighting stores dubai,1300
light dubai,1000
lighting shop dubai,1000
lighting showroom in dubai,1000
lights shop in dubai,1000
dubai lighting company,480
lights,12100
lighting,2900
lightings,2900
flos,2400
lighting outdoor,1600
lighting showrooms in dubai,1300
lights dubai,1000
light shops dubai,1000
lighting stores in dubai,1000
lights in dubai,1000
lights shops in dubai,1000
flo light,1000
lighting dubai,1000
lighting fixtures,720
flos lighting,590
flos lights,590
flos lighting company,590
huda lighting umm suqeim street dubai,320
modern lighting,320
lighting shop,260